username,password,profile_picture,first_name,last_name,birth_date,position,team_id
kbeetham0,ngtAyn8yM,http://dummyimage.com/110x100.png/ff4444/ffffff,Kristofer,Beetham,1997-08-23,Goalkeeper,3
epackham1,tMIv6oMDYw3,http://dummyimage.com/235x100.png/5fa2dd/ffffff,Ede,Packham,2001-02-17,Goalkeeper,1
aradford2,V1kxKiwlUO,http://dummyimage.com/125x100.png/dddddd/000000,Avrit,Radford,2004-07-21,Defender,5
jrafter3,UWvY22B29QsT,http://dummyimage.com/166x100.png/5fa2dd/ffffff,Javier,Rafter,2001-05-20,Attacker,2
awitard4,93wLIMjoiuBH,http://dummyimage.com/240x100.png/ff4444/ffffff,Anne,Witard,2001-06-18,Goalkeeper,3
bmattevi5,Q2v9PS,http://dummyimage.com/143x100.png/ff4444/ffffff,Beverley,Mattevi,2004-10-28,Goalkeeper,3
rgodthaab6,RWTc7H243,http://dummyimage.com/121x100.png/cc0000/ffffff,Rey,Godthaab,1988-02-21,Goalkeeper,3
varkcoll7,k6WxfMeS,http://dummyimage.com/209x100.png/ff4444/ffffff,Vonny,Arkcoll,1994-07-28,Defender,3
jdjuricic8,MUKwFgqx20rW,http://dummyimage.com/134x100.png/5fa2dd/ffffff,Jobyna,Djuricic,1994-11-27,Defender,4
pruckhard9,eJUl1xJdbwC3,http://dummyimage.com/138x100.png/dddddd/000000,Patten,Ruckhard,1989-06-06,Defender,4
sjacklina,QhOWY6neO,http://dummyimage.com/109x100.png/dddddd/000000,Sharai,Jacklin,1992-03-02,Goalkeeper,2
btuminib,2a5zDL2mrIIz,http://dummyimage.com/146x100.png/ff4444/ffffff,Benjamen,Tumini,1991-06-15,Defender,5
mcurroc,vuxnSQ,http://dummyimage.com/114x100.png/ff4444/ffffff,Morganica,Curro,1988-12-01,Midfielder,4
tmccoveneyd,L1Ux4NkEWoR,http://dummyimage.com/217x100.png/ff4444/ffffff,Talia,McCoveney,2000-06-02,Goalkeeper,3
sgedgee,6WF9u7imOct,http://dummyimage.com/246x100.png/cc0000/ffffff,Shelli,Gedge,1993-01-15,Defender,5
bjoef,GWk12DmsBwvD,http://dummyimage.com/166x100.png/cc0000/ffffff,Birk,Joe,1997-12-19,Defender,4
ttatersaleg,FLS2ybELAMlM,http://dummyimage.com/147x100.png/cc0000/ffffff,Tomas,Tatersale,1997-11-11,Midfielder,2
ssneydh,XdcF2xzYBq1,http://dummyimage.com/200x100.png/dddddd/000000,Sauveur,Sneyd,1996-04-24,Midfielder,5
imelladewi,VneJn3KrqwS,http://dummyimage.com/194x100.png/5fa2dd/ffffff,Ibrahim,Melladew,1991-09-04,Attacker,3
sgeffingerj,hWuklI,http://dummyimage.com/187x100.png/dddddd/000000,Shurwood,Geffinger,1998-03-14,Midfielder,5
bdjurisick,uPhgsA1GmEQk,http://dummyimage.com/196x100.png/5fa2dd/ffffff,Bernita,Djurisic,1999-07-22,Attacker,1
slargentl,xHppWWiB0QyM,http://dummyimage.com/154x100.png/ff4444/ffffff,Steward,Largent,1993-07-18,Midfielder,1
mhendriksm,6eOHuzUXJ51C,http://dummyimage.com/224x100.png/cc0000/ffffff,Maddie,Hendriks,1997-05-14,Defender,5
yroachn,B3yiIAPhZ9,http://dummyimage.com/167x100.png/5fa2dd/ffffff,Yuri,Roach,1993-08-12,Attacker,4
ishorteno,MTjClf4JT,http://dummyimage.com/160x100.png/5fa2dd/ffffff,Isaac,Shorten,2000-01-28,Defender,4
gkeighleyp,gtQUuDJe,http://dummyimage.com/228x100.png/5fa2dd/ffffff,Gayleen,Keighley,1990-10-17,Goalkeeper,4
calsterq,0ZW7lpt,http://dummyimage.com/239x100.png/5fa2dd/ffffff,Chucho,Alster,1991-05-17,Attacker,2
dlaidelr,f6VMbmu6c06c,http://dummyimage.com/198x100.png/5fa2dd/ffffff,Dayna,Laidel,2004-05-12,Attacker,5
mebhardts,0woWf3,http://dummyimage.com/149x100.png/dddddd/000000,Mellisa,Ebhardt,1994-02-27,Attacker,4
bcatleyt,sK8YyYSJ,http://dummyimage.com/123x100.png/ff4444/ffffff,Brittney,Catley,1995-11-25,Defender,5
rpersehouseu,90wheO,http://dummyimage.com/246x100.png/5fa2dd/ffffff,Riva,Persehouse,1999-08-29,Midfielder,4
ldufourev,wvIKrTPi,http://dummyimage.com/239x100.png/cc0000/ffffff,Linea,Dufoure,1999-11-15,Attacker,5
sflexmanw,WbIboZ,http://dummyimage.com/191x100.png/ff4444/ffffff,Sadye,Flexman,1991-10-13,Defender,3
nkimmx,ltzvoRhOfEu,http://dummyimage.com/185x100.png/5fa2dd/ffffff,Nicki,Kimm,2001-06-07,Midfielder,4
cmorgany,cTEvnpNDgIq,http://dummyimage.com/231x100.png/cc0000/ffffff,Catina,Morgan,2003-10-26,Attacker,2
estiggersz,eqUWfbFrOH,http://dummyimage.com/155x100.png/cc0000/ffffff,Erroll,Stiggers,1991-07-19,Goalkeeper,4
tfairleigh10,jNKUsbIoov,http://dummyimage.com/100x100.png/ff4444/ffffff,Trumaine,Fairleigh,2001-03-04,Goalkeeper,5
lashcroft11,E6R9fnJ,http://dummyimage.com/196x100.png/ff4444/ffffff,Lyndell,Ashcroft,1992-04-26,Midfielder,5
kfontin12,kZ6Jccngsc,http://dummyimage.com/235x100.png/ff4444/ffffff,Kessia,Fontin,2004-04-16,Goalkeeper,2
jcoveley13,uOkkXR0w,http://dummyimage.com/223x100.png/5fa2dd/ffffff,Jasen,Coveley,1989-03-01,Defender,1
gedmonston14,0buXNP,http://dummyimage.com/101x100.png/cc0000/ffffff,Gavan,Edmonston,1992-06-24,Goalkeeper,2
alowsely15,ZvIoaj9,http://dummyimage.com/155x100.png/cc0000/ffffff,Abbie,Lowsely,1995-02-12,Midfielder,2
finchcomb16,yOwjYb40RT,http://dummyimage.com/106x100.png/5fa2dd/ffffff,Farr,Inchcomb,1990-03-29,Defender,2
tellinor17,bEJ4SppAYaDZ,http://dummyimage.com/147x100.png/ff4444/ffffff,Tammie,Ellinor,1993-07-15,Attacker,3
afilipchikov18,RufWZYWU,http://dummyimage.com/109x100.png/dddddd/000000,Adelaide,Filipchikov,1990-06-20,Midfielder,2
edorsett19,aycKO8A,http://dummyimage.com/185x100.png/cc0000/ffffff,Emmanuel,Dorsett,1989-07-20,Midfielder,2
gkeets1a,obSuVbtQ2X,http://dummyimage.com/172x100.png/dddddd/000000,Giraud,Keets,1999-10-31,Defender,2
sbassick1b,eMQcQV2Xhhuq,http://dummyimage.com/228x100.png/cc0000/ffffff,Sheffield,Bassick,1992-09-24,Defender,4
nbankhurst1c,Z0PlhE,http://dummyimage.com/136x100.png/cc0000/ffffff,Netti,Bankhurst,2002-02-17,Midfielder,1
bthurborn1d,4n8IzwT12,http://dummyimage.com/161x100.png/cc0000/ffffff,Brandon,Thurborn,1999-04-18,Goalkeeper,3
dlemanu1e,c5eECSgnV1,http://dummyimage.com/241x100.png/dddddd/000000,Dreddy,Lemanu,2000-02-11,Goalkeeper,1
myardley1f,1iAnDTze,http://dummyimage.com/248x100.png/dddddd/000000,Martynne,Yardley,1992-01-10,Goalkeeper,2
bfitzer1g,PY6abv85b56,http://dummyimage.com/143x100.png/dddddd/000000,Brittney,Fitzer,1997-07-26,Defender,2
dschenfisch1h,zAGrOMK3,http://dummyimage.com/172x100.png/ff4444/ffffff,Darell,Schenfisch,1994-01-10,Goalkeeper,5
jnecolds1i,xmJd0jLW,http://dummyimage.com/230x100.png/dddddd/000000,Jerry,Necolds,1999-10-30,Attacker,4
dhintzer1j,L1YgIw,http://dummyimage.com/177x100.png/cc0000/ffffff,Darya,Hintzer,1993-08-28,Defender,1
mfidilis1k,TXnldw9I52z,http://dummyimage.com/168x100.png/dddddd/000000,Myrtie,Fidilis,1992-12-14,Attacker,1
abenbough1l,TJFJkdfZezyl,http://dummyimage.com/124x100.png/ff4444/ffffff,Aldous,Benbough,1997-10-13,Defender,3
abettley1m,TZkb7nrajdoL,http://dummyimage.com/112x100.png/5fa2dd/ffffff,Alexandre,Bettley,1991-04-12,Defender,3
ldelacoste1n,X2GPWI6C,http://dummyimage.com/176x100.png/ff4444/ffffff,Leroy,De La Coste,1989-10-24,Midfielder,3
vharvett1o,h2xAAOKHV,http://dummyimage.com/238x100.png/dddddd/000000,Vinny,Harvett,1995-07-02,Midfielder,2
hfarren1p,Afn1IYtZep,http://dummyimage.com/103x100.png/ff4444/ffffff,Helenelizabeth,Farren,1990-03-30,Defender,4
pcasley1q,L1pYQY5TK3,http://dummyimage.com/224x100.png/5fa2dd/ffffff,Prentice,Casley,1988-07-19,Defender,2
athwaite1r,wjTakKdqrU,http://dummyimage.com/153x100.png/ff4444/ffffff,Ainsley,Thwaite,1989-07-20,Defender,4
smarrill1s,yKyCmKkjNO,http://dummyimage.com/130x100.png/dddddd/000000,Sarine,Marrill,2003-04-25,Midfielder,4
uuzzell1t,9di3hgMt,http://dummyimage.com/109x100.png/cc0000/ffffff,Umberto,Uzzell,1999-06-08,Attacker,1
cclimar1u,I7cs4bKWV,http://dummyimage.com/224x100.png/cc0000/ffffff,Clemens,Climar,2002-10-20,Midfielder,2
rgraffin1v,EiqAKAaZDZz,http://dummyimage.com/151x100.png/ff4444/ffffff,Regine,Graffin,1995-01-19,Midfielder,4
mfridd1w,DSdthSG4,http://dummyimage.com/245x100.png/dddddd/000000,Maximo,Fridd,1992-09-12,Defender,5
kpalumbo1x,0lQigOXNtk7x,http://dummyimage.com/115x100.png/ff4444/ffffff,Kurt,Palumbo,1990-05-09,Midfielder,5
dchadd1y,V3wI5JC1,http://dummyimage.com/160x100.png/dddddd/000000,Deborah,Chadd,2003-12-30,Attacker,3
schate1z,4Q4R1SWfQnR,http://dummyimage.com/174x100.png/cc0000/ffffff,Sanders,Chate,1991-09-14,Attacker,4
kaspel20,P87nfDW,http://dummyimage.com/123x100.png/dddddd/000000,Kenna,Aspel,1992-08-09,Goalkeeper,1
ablockey21,tKamD5w,http://dummyimage.com/101x100.png/dddddd/000000,Alden,Blockey,1998-12-06,Attacker,1
kocaherny22,Gy5WvCcjXK,http://dummyimage.com/155x100.png/5fa2dd/ffffff,Koo,O'Caherny,1999-04-20,Midfielder,1
tlongstreeth23,Q04NhluKDs3,http://dummyimage.com/163x100.png/cc0000/ffffff,Tersina,Longstreeth,1996-12-02,Attacker,2
usambals24,xcVdKkOeOB1W,http://dummyimage.com/134x100.png/cc0000/ffffff,Uta,Sambals,1998-02-13,Attacker,3
wchilderley25,EPhRBt0OPK,http://dummyimage.com/114x100.png/ff4444/ffffff,Willette,Childerley,1995-12-09,Attacker,2
cwychard26,Phk6XBr5XjI,http://dummyimage.com/146x100.png/dddddd/000000,Christie,Wychard,1991-12-12,Defender,4
lcorradini27,Ppu8LZ5k,http://dummyimage.com/137x100.png/dddddd/000000,Lydie,Corradini,2001-01-15,Attacker,1
tkippling28,FOGu87NZN,http://dummyimage.com/189x100.png/dddddd/000000,Taffy,Kippling,2001-09-23,Defender,1
vbrookton29,guiokcaZ,http://dummyimage.com/169x100.png/5fa2dd/ffffff,Valera,Brookton,1993-07-06,Midfielder,3
mdumbarton2a,N2P09BzN457z,http://dummyimage.com/191x100.png/dddddd/000000,Michaella,Dumbarton,1999-12-27,Midfielder,1
edunphie2b,qm2sUgWI,http://dummyimage.com/242x100.png/dddddd/000000,Emelyne,Dunphie,1993-12-28,Attacker,4
tmckleod2c,5xZxbx,http://dummyimage.com/144x100.png/ff4444/ffffff,Trevor,McKleod,1988-05-31,Goalkeeper,2
lmuck2d,4Gb1vJ,http://dummyimage.com/136x100.png/cc0000/ffffff,Layne,Muck,1992-12-12,Attacker,5
dbock2e,rs0drp6qJPjE,http://dummyimage.com/236x100.png/cc0000/ffffff,Daniela,Bock,1990-07-08,Defender,2
jmcpharlain2f,RRGslHn,http://dummyimage.com/184x100.png/cc0000/ffffff,Jeniffer,McPharlain,1996-10-25,Goalkeeper,3
njosephs2g,U1z88D90ow,http://dummyimage.com/108x100.png/dddddd/000000,Nathan,Josephs,2004-04-26,Defender,2
dlowne2h,zEsjD7,http://dummyimage.com/213x100.png/5fa2dd/ffffff,Douglas,Lowne,1988-10-01,Attacker,2
wponting2i,7ACKaGQn,http://dummyimage.com/197x100.png/5fa2dd/ffffff,Winifred,Ponting,1992-08-27,Goalkeeper,1
dbeccero2j,yE7RLTVBaedW,http://dummyimage.com/246x100.png/cc0000/ffffff,Dud,Beccero,1996-04-04,Defender,5
ccheverton2k,fKZBu8,http://dummyimage.com/193x100.png/dddddd/000000,Chrisse,Cheverton,2004-11-21,Midfielder,1
ddiggin2l,DYu9TqNMZa,http://dummyimage.com/131x100.png/5fa2dd/ffffff,Duky,Diggin,2005-01-15,Defender,5
jpilpovic2m,P5YEemPR,http://dummyimage.com/165x100.png/cc0000/ffffff,Jayme,Pilpovic,1988-04-16,Goalkeeper,4
alevitt2n,ME7HobBeTfQ,http://dummyimage.com/191x100.png/5fa2dd/ffffff,Adrianne,Levitt,2003-05-11,Attacker,1
amaudsley2o,OmXW7zEKla6,http://dummyimage.com/197x100.png/5fa2dd/ffffff,Adena,Maudsley,1988-10-10,Defender,2
ftwidale2p,8lIo9mQ9,http://dummyimage.com/210x100.png/5fa2dd/ffffff,Frasco,Twidale,2000-06-29,Goalkeeper,5
wnavein2q,kReXoF7i,http://dummyimage.com/245x100.png/5fa2dd/ffffff,Wanids,Navein,1999-05-03,Goalkeeper,1
lkelk2r,3CByF1DEX7EB,http://dummyimage.com/139x100.png/dddddd/000000,Loni,Kelk,1992-10-15,Defender,4
